-- Account types --
INSERT INTO INTERNAL_ACCOUNT_TYPES(ID, LABEL) VALUES(1, 'Saving Account');
INSERT INTO INTERNAL_ACCOUNT_TYPES(ID, LABEL) VALUES(2, 'Card Account');
INSERT INTO INTERNAL_ACCOUNT_TYPES(ID, LABEL) VALUES(3, 'Term Account');

-- Admin account --
INSERT INTO USERS(LOGIN, PASSWORD, FIRST_NAME, LAST_NAME, IS_ADMIN) VALUES('admin', 'adminP@ssw', 'Administrator', '', true);

-- Data for Alice --
--------------------
INSERT INTO USERS(LOGIN, PASSWORD, FIRST_NAME, LAST_NAME) VALUES('alice', 'aliceP@ssw', 'Alice', 'Foo');

-- Card account --
INSERT INTO INTERNAL_ACCOUNTS(ACCOUNT_NUMBER, OWNER, ACCOUNT_TYPE, AVAILABLE_BALANCE) VALUES(100123, 'alice', 2, 0);
INSERT INTO INTERNAL_ACCOUNT_TRANSACTIONS(ACCOUNT_NUMBER, AMOUNT, DESCRIPTION, OPERATION_DATE) VALUES(100123, -9, 'Card debit - FAST FOOT', DATE '2014-09-20');
INSERT INTO INTERNAL_ACCOUNT_TRANSACTIONS(ACCOUNT_NUMBER, AMOUNT, DESCRIPTION, OPERATION_DATE) VALUES(100123, -30, 'Card debit - Amazon', DATE '2014-09-12');
INSERT INTO INTERNAL_ACCOUNT_TRANSACTIONS(ACCOUNT_NUMBER, AMOUNT, DESCRIPTION, OPERATION_DATE) VALUES(100123, -45, 'Check number <b>1234567</b>', DATE '2014-10-05');
INSERT INTO INTERNAL_ACCOUNT_TRANSACTIONS(ACCOUNT_NUMBER, AMOUNT, DESCRIPTION, OPERATION_DATE) VALUES(100123, 5.5, 'Bank fees', DATE '2014-10-01');
INSERT INTO INTERNAL_ACCOUNT_TRANSACTIONS(ACCOUNT_NUMBER, AMOUNT, DESCRIPTION, OPERATION_DATE) VALUES(100123, 2572.90, 'Salary', DATE '2014-09-25');
UPDATE INTERNAL_ACCOUNTS set AVAILABLE_BALANCE = (SELECT sum(AMOUNT) from INTERNAL_ACCOUNT_TRANSACTIONS WHERE ACCOUNT_NUMBER = 100123) WHERE ACCOUNT_NUMBER = 100123

-- Saving account --
INSERT INTO INTERNAL_ACCOUNTS(ACCOUNT_NUMBER, OWNER, ACCOUNT_TYPE, AVAILABLE_BALANCE) VALUES(100124, 'alice', 1, 0);
INSERT INTO INTERNAL_ACCOUNT_TRANSACTIONS(ACCOUNT_NUMBER, AMOUNT, DESCRIPTION, OPERATION_DATE) VALUES(100124, 5000, 'Initial Deposit', DATE '2013-02-04');
INSERT INTO INTERNAL_ACCOUNT_TRANSACTIONS(ACCOUNT_NUMBER, AMOUNT, DESCRIPTION, OPERATION_DATE) VALUES(100124, -1000, 'Transfer to Bob', DATE '2013-05-23');
INSERT INTO INTERNAL_ACCOUNT_TRANSACTIONS(ACCOUNT_NUMBER, AMOUNT, DESCRIPTION, OPERATION_DATE) VALUES(100124, -153, 'Transfer to external account <b>FR76 1234 1234</b>', DATE '2013-07-12');
INSERT INTO INTERNAL_ACCOUNT_TRANSACTIONS(ACCOUNT_NUMBER, AMOUNT, DESCRIPTION, OPERATION_DATE) VALUES(100124, 87.53, 'Interests', DATE '2014-01-01');
UPDATE INTERNAL_ACCOUNTS set AVAILABLE_BALANCE = (SELECT sum(AMOUNT) from INTERNAL_ACCOUNT_TRANSACTIONS WHERE ACCOUNT_NUMBER = 100124) WHERE ACCOUNT_NUMBER = 100124


-- Data for Bob --
------------------
INSERT INTO USERS(LOGIN, PASSWORD, FIRST_NAME, LAST_NAME) VALUES('bob', 'bobP@ssw', 'Bob', 'Bar');

-- Card account --
INSERT INTO INTERNAL_ACCOUNTS(ACCOUNT_NUMBER, OWNER, ACCOUNT_TYPE, AVAILABLE_BALANCE) VALUES(100223, 'bob', 2, 0);
INSERT INTO INTERNAL_ACCOUNT_TRANSACTIONS(ACCOUNT_NUMBER, AMOUNT, DESCRIPTION, OPERATION_DATE) VALUES(100223, -9, 'Card debit - FAST FOOT', DATE '2014-09-20');
INSERT INTO INTERNAL_ACCOUNT_TRANSACTIONS(ACCOUNT_NUMBER, AMOUNT, DESCRIPTION, OPERATION_DATE) VALUES(100223, -30, 'Card debit - Amazon', DATE '2014-09-12');
INSERT INTO INTERNAL_ACCOUNT_TRANSACTIONS(ACCOUNT_NUMBER, AMOUNT, DESCRIPTION, OPERATION_DATE) VALUES(100223, -45, 'Check number <b>1234567</b>', DATE '2014-10-05');
INSERT INTO INTERNAL_ACCOUNT_TRANSACTIONS(ACCOUNT_NUMBER, AMOUNT, DESCRIPTION, OPERATION_DATE) VALUES(100223, 5.5, 'Bank fees', DATE '2014-10-01');
INSERT INTO INTERNAL_ACCOUNT_TRANSACTIONS(ACCOUNT_NUMBER, AMOUNT, DESCRIPTION, OPERATION_DATE) VALUES(100223, 2572.90, 'Salary', DATE '2014-09-25');
UPDATE INTERNAL_ACCOUNTS set AVAILABLE_BALANCE = (SELECT sum(AMOUNT) from INTERNAL_ACCOUNT_TRANSACTIONS WHERE ACCOUNT_NUMBER = 100223) WHERE ACCOUNT_NUMBER = 100223

-- Saving account --
INSERT INTO INTERNAL_ACCOUNTS(ACCOUNT_NUMBER, OWNER, ACCOUNT_TYPE, AVAILABLE_BALANCE) VALUES(100224, 'bob', 1, 0);
INSERT INTO INTERNAL_ACCOUNT_TRANSACTIONS(ACCOUNT_NUMBER, AMOUNT, DESCRIPTION, OPERATION_DATE) VALUES(100224, 5000, 'Initial Deposit', DATE '2013-02-04');
INSERT INTO INTERNAL_ACCOUNT_TRANSACTIONS(ACCOUNT_NUMBER, AMOUNT, DESCRIPTION, OPERATION_DATE) VALUES(100224, -1000, 'Transfer to Bob', DATE '2013-05-23');
INSERT INTO INTERNAL_ACCOUNT_TRANSACTIONS(ACCOUNT_NUMBER, AMOUNT, DESCRIPTION, OPERATION_DATE) VALUES(100224, -153, 'Transfer to external account <b>FR76 1234 1234</b>', DATE '2013-07-12');
INSERT INTO INTERNAL_ACCOUNT_TRANSACTIONS(ACCOUNT_NUMBER, AMOUNT, DESCRIPTION, OPERATION_DATE) VALUES(100224, 87.53, 'Interests', DATE '2014-01-01');
UPDATE INTERNAL_ACCOUNTS set AVAILABLE_BALANCE = (SELECT sum(AMOUNT) from INTERNAL_ACCOUNT_TRANSACTIONS WHERE ACCOUNT_NUMBER = 100224) WHERE ACCOUNT_NUMBER = 100224
